model,test_accuracy,test_precision,test_recall,test_f1,cv_mean_accuracy,cv_std_accuracy
solvent,0.2716216216216216,0.270871756781258,0.2716216216216216,0.27113183324147433,1.0,0.0
base,0.15945945945945947,0.15963475205410693,0.15945945945945947,0.15930990507294865,0.9975653732216655,0.001987865449626117
catalyst,0.9743243243243244,0.9756902726316505,0.9743243243243244,0.9745013733277677,0.9715887064330907,0.008390666757194883
