Method,MAE,MAE_std,RMSE,RMSE_std,R2,R2_std
RDKit_Descriptors,0.013881972309639525,6.561824178134841e-05,0.01942972936660105,7.067671654151946e-05,0.9288791152175546,0.001064262613294525
Atom_Centered_Features,0.017820840444400885,0.00014189970579756313,0.024307037664138616,0.00021884704679204744,0.8886813202991973,0.0026023573098094073
Morgan_Fingerprints,0.022431740933919763,6.319222035229988e-05,0.03488649660678117,0.00011857984386047067,0.7707282142072082,0.0021781005945171144
