Representation,Feature_Count,Valid_Molecules,Feature_Density,Mean_Feature_Value,Std_Feature_Value
Morgan_Fingerprints,2048,100000,0.0104280810546875,0.0104280810546875,0.10158413350619365
RDKit_Descriptors,412,100000,0.49610254854368935,3.515199491200687,301.5103999225802
Atom_Centered_Features,40,100000,0.70088375,2.404142047780829,3.6860467204727687
