Species,Count,MAE,RMSE,R2
anion,5000,0.004521294689567457,0.006246101849396878,0.9501477791783826
cation,5000,0.007369588681290514,0.009796011999900437,0.948622974084355
neutral,5000,0.002882521637851991,0.004387105035179261,0.9796201407564048
radical,5000,0.005160955670510236,0.006679814798872752,0.9496175431045447
